"class","line","method","kind","bucket","form"
"VendorPortalController","197","requestDocumentsFromSupplier","SOQL","I","guard in method"
"VendorPortalController","281","persistCuratedChecklist","DML","I","guard in method"
"VendorPortalController","308","persistCuratedChecklist","SOQL","I","guard in method"
"VendorPortalController","310","persistCuratedChecklist","DML","I","stripInaccessible"
"VendorPortalController","346","sendDocumentRequestEmail","SOQL","I","guard in method"
"VendorPortalController","384","resendDocumentRequestEmail","SOQL","I","guard in method"
"VendorPortalController","389","resendDocumentRequestEmail","SOQL","I","guard in method"
"VendorPortalController","462","resolveMaterialDomains","SOQL","I","USER_MODE"
"VendorPortalController","505","doScreen","SOQL","I","guard in method"
"VendorPortalController","655","runScreeningAndPersist","SOQL","I","guard in method"
"VendorPortalController","664","runScreeningAndPersist","DML","I","stripInaccessible"
"VendorPortalController","681","askCopilot","SOQL","I","guard in method"
"VendorPortalController","688","askCopilot","SOQL","I","guard in method"
"VendorPortalController","744","getCaseDocumentsImpl","SOQL","G","guard in method"
"VendorPortalController","750","getCaseDocumentsImpl","SOQL","G","guard in method"
"VendorPortalController","789","removeSupplierDocumentImpl","SOQL","G","guard in method"
"VendorPortalController","796","removeSupplierDocumentImpl","SOQL","G","guard in method"
"VendorPortalController","807","removeSupplierDocumentImpl","DML","G","guard in method"
"VendorPortalController","849","addRequirementFromDocumentImpl","DML","G","guard in method"
"VendorPortalController","879","removeChecklistRequirement","SOQL","I","guard in method"
"VendorPortalController","894","removeChecklistRequirement","DML","I","guard in method"
"VendorPortalController","1088","getSupplierSnapshotImpl","SOQL","G","guard in method"
"VendorPortalController","1138","getSupplierSnapshotImpl","SOQL","G","guard in method"
"VendorPortalController","1162","getSupplierSnapshotImpl","SOQL","G","guard in method"
"VendorPortalController","1248","getSupplierSnapshotImpl","SOQL","G","guard in method"
"VendorPortalController","1255","getSupplierSnapshotImpl","SOQL","G","guard in method"
"VendorPortalController","1348","getDocumentLinksByAssessment","SOQL","G","guard in method"
"VendorPortalController","1367","getDocumentLinksByAssessment","SOQL","G","guard in method"
"VendorPortalController","1374","getDocumentLinksByAssessment","SOQL","G","guard in method"
"VendorPortalController","1427","getAnalystUsers","SOQL","I","guard in method"
"VendorPortalController","1465","assignToAnalyst","SOQL","I","guard in method"
"VendorPortalController","1497","assignToAnalyst","DML","I","stripInaccessible"
"VendorPortalController","1530","sendCaseBackToProcurement","SOQL","I","guard in method"
"VendorPortalController","1533","sendCaseBackToProcurement","DML","I","stripInaccessible"
"VendorPortalController","1602","getAnalystQueue","SOQL","I","guard in method"
"VendorPortalController","1614","getAnalystQueue","SOQL","I","guard in method"
"VendorPortalController","1637","getAnalystQueue","SOQL","I","guard in method"
"VendorPortalController","1644","getAnalystQueue","SOQL","I","guard in method"
"VendorPortalController","1648","getAnalystQueue","SOQL","I","guard in method"
"VendorPortalController","1766","getCaseForAnalyst","SOQL","I","guard in method"
"VendorPortalController","1793","getCaseForAnalyst","SOQL","I","guard in method"
"VendorPortalController","1808","getCaseForAnalyst","SOQL","I","guard in method"
"VendorPortalController","1815","getCaseForAnalyst","SOQL","I","guard in method"
"VendorPortalController","1874","getCaseForAnalyst","SOQL","I","guard in method"
"VendorPortalController","1875","getCaseForAnalyst","SOQL","I","guard in method"
"VendorPortalController","1939","saveDocValidation","DML","I","stripInaccessible"
"VendorPortalController","1970","saveDocValidation","SOQL","I","guard in method"
"VendorPortalController","1989","assertNotHandedOff","SOQL","I","guard in method"
"VendorPortalController","1999","assertAssessmentNotHandedOff","SOQL","I","guard in method"
"VendorPortalController","2036","approveDocumentAsProcurement","SOQL","I","guard in method"
"VendorPortalController","2048","approveDocumentAsProcurement","DML","I","stripInaccessible"
"VendorPortalController","2076","reassessDocument","SOQL","I","guard in method"
"VendorPortalController","2088","reassessDocument","SOQL","I","guard in method"
"VendorPortalController","2104","reassessDocument","DML","I","stripInaccessible"
"VendorPortalController","2178","recordProcurementDecision","DML","I","stripInaccessible"
"VendorPortalController","2205","recordProcurementDecision","SOQL","I","guard in method"
"VendorPortalController","2258","addSupplierCommentByToken","SOQL","G","guard in method"
"VendorPortalController","2273","copilotDraftComment","SOQL","I","guard in method"
"VendorPortalController","2368","submitAndScreen","SOQL","I","guard in method"
"VendorPortalController","2372","submitAndScreen","SOQL","I","guard in method"
"VendorPortalController","2491","upsertSupplier","DML","I","stripInaccessible"
"VendorPortalController","2494","upsertSupplier","DML","I","guard in method"
"VendorPortalController","2498","upsertSupplier","DML","I","stripInaccessible"
"VendorPortalController","2526","getSupplierEditDetails","SOQL","I","guard in method"
"VendorPortalController","2557","updateSupplierDetails","SOQL","I","guard in method"
"VendorPortalController","2616","getScreeningQueue","SOQL","I","guard in method"
"VendorPortalController","2636","getScreeningQueue","SOQL","I","guard in method"
"VendorPortalController","2644","getScreeningQueue","SOQL","I","guard in method"
"VendorPortalController","2659","getScreeningQueue","SOQL","I","guard in method"
"VendorPortalController","2833","getCaseActivity","SOQL","I","guard in method"
"VendorPortalController","2889","saveDecision","DML","I","stripInaccessible"
"VendorPortalController","2933","onboardSupplierDirectly","SOQL","I","guard in method"
"VendorPortalController","2961","closeCaseInternal","DML","I","stripInaccessible"
"VendorPortalController","2994","setReviewOutcome","DML","I","stripInaccessible"
"VendorPortalController","3051","generateSupplierPortalUrl","SOQL","G","guard in method"
"VendorPortalController","3054","generateSupplierPortalUrl","DML","G","guard in method"
"VendorPortalController","3095","verifyPortalTokenId","SOQL","G","guard in method"
"VendorPortalController","3145","documentBelongsToSupplier","SOQL","G","guard in method"
"VendorPortalController","3150","documentBelongsToSupplier","SOQL","G","guard in method"
"VendorPortalController","3193","generatePublicDocumentUrlImpl","SOQL","G","guard in method"
"VendorPortalController","3206","generatePublicDocumentUrlImpl","SOQL","G","guard in method"
"VendorPortalController","3227","generatePublicDocumentUrlImpl","DML","G","guard in method"
"VendorPortalController","3229","generatePublicDocumentUrlImpl","SOQL","G","guard in method"
"DocumentProcessingController","52","saveFileImpl","DML","G","guard in method"
"DocumentProcessingController","53","saveFileImpl","SOQL","G","guard in method"
"DocumentProcessingController","55","saveFileImpl","DML","G","guard in method"
"DocumentProcessingController","186","linkDocumentToComplianceInternal","SOQL","G","guard in method"
"DocumentProcessingController","199","linkDocumentToComplianceInternal","SOQL","G","guard in method"
"DocumentProcessingController","214","linkDocumentToComplianceInternal","DML","G","guard in method"
"DocumentProcessingController","228","linkDocumentToComplianceInternal","DML","G","guard in method"
"DocumentProcessingController","240","linkDocumentToComplianceInternal","DML","G","guard in method"
"DocumentProcessingController","247","linkDocumentToComplianceInternal","SOQL","G","guard in method"
"DocumentProcessingController","254","linkDocumentToComplianceInternal","DML","G","guard in method"
"DocumentProcessingController","277","linkDocumentToComplianceInternal","SOQL","G","guard in method"
"DocumentProcessingController","281","linkDocumentToComplianceInternal","DML","G","guard in method"
"DocumentProcessingController","289","linkDocumentToComplianceInternal","DML","G","guard in method"
"DocumentProcessingController","304","linkDocumentToComplianceInternal","SOQL","G","guard in method"
"DocumentProcessingController","311","linkDocumentToComplianceInternal","DML","G","guard in method"
"DocumentProcessingController","339","linkDocumentToComplianceInternal","DML","G","guard in method"
"DocumentProcessingController","377","linkDocumentToComplianceInternal","DML","G","guard in method"
"DocumentProcessingController","487","getPortalContactId","SOQL","I","guard in method"
"DocumentProcessingController","505","getLatestContentVersionId","SOQL","G","guard in method"
"DocumentProcessingController","552","removeDocumentFromCompliance","SOQL","I","guard in method"
"DocumentProcessingController","558","removeDocumentFromCompliance","DML","I","guard in method"
"DocumentProcessingController","562","removeDocumentFromCompliance","DML","I","stripInaccessible"
"DocumentProcessingController","574","removeDocumentFromCompliance","DML","I","stripInaccessible"
"DocumentProcessingController","628","getProcessingStatus","SOQL","I","guard in method"
"DocumentProcessingController","640","getProcessingStatus","SOQL","I","guard in method"
"DocumentProcessingController","682","getChecklistWithDocStatus","SOQL","I","guard in method"
"DocumentProcessingController","705","getChecklistWithDocStatus","SOQL","I","stripInaccessible"
"DocumentProcessingController","720","getChecklistWithDocStatus","SOQL","I","USER_MODE"
"SubSupplierController","86","getRequirementsForParentImpl","SOQL","G","guard in method"
"SubSupplierController","126","getSubSuppliersImpl","SOQL","G","guard in method"
"SubSupplierController","133","getSubSuppliersImpl","SOQL","G","guard in method"
"SubSupplierController","144","getSubSuppliersImpl","SOQL","G","guard in method"
"SubSupplierController","258","inviteSubSupplierImpl","SOQL","G","guard in method"
"SubSupplierController","263","inviteSubSupplierImpl","SOQL","G","guard in method"
"SubSupplierController","276","inviteSubSupplierImpl","SOQL","G","guard in method"
"SubSupplierController","305","inviteSubSupplierImpl","DML","G","guard in method"
"SubSupplierController","309","inviteSubSupplierImpl","DML","G","guard in method"
"SubSupplierController","321","inviteSubSupplierImpl","SOQL","G","guard in method"
"SubSupplierController","348","inviteSubSupplierImpl","DML","G","guard in method"
"SubSupplierController","359","inviteSubSupplierImpl","DML","G","guard in method"
"SubSupplierController","368","inviteSubSupplierImpl","SOQL","G","guard in method"
"SubSupplierController","375","inviteSubSupplierImpl","DML","G","guard in method"
"SubSupplierController","379","inviteSubSupplierImpl","DML","G","guard in method"
"SubSupplierController","392","inviteSubSupplierImpl","SOQL","G","guard in method"
"SubSupplierController","404","inviteSubSupplierImpl","SOQL","G","guard in method"
"SubSupplierController","443","inviteSubSupplierImpl","DML","G","guard in method"
"SubSupplierController","470","inviteSubSupplierImpl","SOQL","G","guard in method"
"SubSupplierController","545","sendInvitationEmail","SOQL","G","guard in method"
"PolicyDocumentController","57","uploadPolicyDocument","DML","I","guard in method"
"PolicyDocumentController","65","uploadPolicyDocument","DML","I","guard in method"
"PolicyDocumentController","66","uploadPolicyDocument","SOQL","I","guard in method"
"PolicyDocumentController","68","uploadPolicyDocument","DML","I","stripInaccessible"
"PolicyDocumentController","77","uploadPolicyDocument","DML","I","stripInaccessible"
"PolicyDocumentController","125","reuploadPolicyDocument","SOQL","I","guard in method"
"PolicyDocumentController","145","reuploadPolicyDocument","DML","I","guard in method"
"PolicyDocumentController","153","reuploadPolicyDocument","DML","I","guard in method"
"PolicyDocumentController","154","reuploadPolicyDocument","SOQL","I","guard in method"
"PolicyDocumentController","156","reuploadPolicyDocument","DML","I","stripInaccessible"
"PolicyDocumentController","167","reuploadPolicyDocument","DML","I","stripInaccessible"
"PolicyDocumentController","182","reuploadPolicyDocument","SOQL","I","guard in method"
"PolicyDocumentController","205","deletePolicyDocument","SOQL","I","guard in method"
"PolicyDocumentController","231","deletePolicyDocument","DML","I","guard in method"
"PolicyDocumentController","240","resolveSourceFileName","SOQL","I","guard in method"
"PolicyDocumentController","274","startIngestion","DML","I","stripInaccessible"
"PolicyDocumentController","287","getLatestContentVersionId","SOQL","G","guard in method"
"PolicyDocumentController","317","getPolicyDocuments","SOQL","I","guard in method"
"PolicyDocumentController","334","getPolicyDocuments","SOQL","I","stripInaccessible"
"AuditReportController","56","getAuditReport","DML","I","stripInaccessible"
"AuditReportController","63","getAuditReport","SOQL","I","stripInaccessible"
"AuditReportController","130","exportToCSV","DML","I","guard in method"
"AuditReportController","132","exportToCSV","SOQL","I","guard in method"
"AuditReportController","151","resolveRelatedIds","SOQL","I","stripInaccessible"
"AuditReportController","161","resolveRelatedIds","SOQL","I","guard in method"
"AuditReportController","170","resolveRelatedIds","SOQL","I","guard in method"
"AuditReportController","171","resolveRelatedIds","SOQL","I","guard in method"
"AuditReportController","180","resolveRelatedIds","SOQL","I","guard in method"
